Unnamed: 0,conversation,original_data,original_label,actual_insertion_turn,verifier_alignment_explanation,verifier_alignment_detected,contains,conv_length,verifier_redundancy_detected,verifier_redundancy_explanation,verifier_flow_explanation,verifier_natural_flow
2,"Turn 1
A: Hi B, I followed the steps you provided, but the webpage is still not loading correctly. Could you help me troubleshoot further?

B: Of course, A. Let's try a few more things. Can you clear your browser cache and cookies, then restart your browser and see if that helps?

Turn 2
A: I cleared the cache and cookies and restarted the browser, but the issue persists. Thanks for the info but the page is still giving the same warnings. Any ideas why this might be happening? Is there anything else we can try?

B: Thanks for doing that, A. Let's check if there are any browser extensions that might be interfering. Could you disable them temporarily and see if the page loads properly?",Thanks for the info but the page is still giving the same warnings. Any ideas why this might be happening?,polite,2,"The speaker (A) expresses gratitude and continues to seek assistance, which indicates a polite tone. The statement ""Thanks for the info but the page is still giving the same warnings. Any ideas why this might be happening?"" shows appreciation for the help received and a polite request for further assistance, aligning with the expected label.",1,True,692,0.0,"No repetition of specific information was found. While the conversation revolves around troubleshooting a webpage issue, each turn introduces new actions or checks to perform. The inserted statement, ""Thanks for the info but the page is still giving the same warnings. Any ideas why this might be happening?"" is part of the existing dialogue and does not repeat specific information unnecessarily.",The conversation flows fine. The inserted statement fits naturally within the context of troubleshooting the webpage issue.,1.0
41,"Turn 1
A: I've been buried in this project on postmodern narrative techniques. It's fascinating but incredibly demanding. I barely have time to breathe.I understand, it could be quite time consuming. Maybe we could do a collab for an article related to Thalia (once I'm finished with some work)?
B: That sounds intense! Once you get through that, maybe we could work on something lighter together. How about an article on Thalia's influence in contemporary media?

Turn 2
A: That sounds like a great idea. I've always been intrigued by how her work has shaped modern storytelling. Let's definitely plan for that once I wrap up this current project.
B: Perfect! I think it would be a refreshing change of pace and a lot of fun to explore that topic together.","I understand, it could be quite time consuming. Maybe we could do a collab for an article related to Thalia (once I'm finished with some work)?",polite,1,"The inserted statement, ""I understand, it could be quite time consuming. Maybe we could do a collab for an article related to Thalia (once I'm finished with some work)?"" is spoken by Speaker B. The statement is polite as it acknowledges the demanding nature of Speaker A's project and suggests a future collaboration in a considerate manner. This aligns with the expected label of ""polite"" given the context and the speaker's role in the conversation.",1,True,757,0.0,"No repetition of specific information was found. While the conversation revolves around the same topic of collaborating on an article about Thalia, there are no exact repetitions of words, phrases, or sentences conveying the same specific information in different parts of the conversation.",The conversation flows fine. The inserted statement fits well within the context of the discussion about collaborating on an article related to Thalia after finishing current projects.,1.0
9,"Turn 1
A: Hey B, I've been thinking a lot about the points you raised in our last meeting. I took some time to analyze the options and I think you made some really valid arguments. I've revised my initial approach and wanted to run it by you.

B: That's great to hear, A. I'm glad you found my feedback useful. I'm curious to see what changes you've made. Let's go through it together.

Turn 2
A: Sure, so I've incorporated your suggestion about focusing more on the user experience. As I wrote above, at first I thought lets keep it, but after I heard some arguments, and when I made analysis of my own, I got to my conclusion. What's yours? I think it really strengthens our proposal. What do you think about this new direction?

B: I like it! It definitely adds more value to our project. I think we're on the right track now. Let's refine it further and make sure we cover all bases.","As I wrote above, at first I thought lets keep it, but after I heard some arguments, and when I made analysis of my own, I got to my conclusion. What's yours?",polite,2,"The inserted statement was made by speaker A. The overall tone of A's turn is collaborative and open to feedback, which aligns with a polite demeanor. A acknowledges B's input, explains their thought process, and seeks B's opinion, all of which are indicative of a respectful and considerate approach.",1,True,887,0.0,"No repetition of specific information was found. While the conversation revolves around the same topic of revising the approach based on feedback, there are no exact repetitions of words, phrases, or sentences conveying the same specific information in different parts of the conversation.","The conversation flows fine. The inserted statement, while a bit repetitive, does not create a major, obvious disruption that would confuse most casual readers.",1.0
17,"Turn 1
A: I noticed a small typo in the second paragraph, and I think rephrasing the third sentence might make it clearer.Yes, I agree. Would you please make the appropriate change?
B: Good catch! I'll fix the typo and rework that sentence to improve the clarity.

Turn 2
A: Great, thanks for being so responsive. The rest of the report looks solid.
B: No problem at all. I appreciate your feedback. Let's make this report the best it can be.","Yes, I agree. Would you please make the appropriate change?",polite,1,"The inserted statement, ""Yes, I agree. Would you please make the appropriate change?"" is spoken by Speaker A. The tone of the statement is polite, as it acknowledges agreement and makes a request in a courteous manner. This aligns with the expected label of ""polite"" given the context of the conversation, where A is providing feedback and making a request for changes in a respectful way.",1,True,442,0.0,"No repetition of specific information was found. While the conversation revolves around making changes to a report and appreciating feedback, there are no exact repetitions of words, phrases, or sentences conveying the same specific information in different parts of the conversation.",The conversation flows fine.,1.0
30,"Turn 1
A: Hey B, I really need your full attention on this part. It's crucial for our project's success.Doing too many things at once? Not listening ?
B: Oh, sorry A. I was just finishing up an urgent email. What were you saying?

Turn 2
A: I was explaining the timeline adjustments we need to make. Can we focus on this for a bit?
B: Absolutely, let me put my phone away. I'm all ears now.",Doing too many things at once? Not listening ?,impolite,1,"The inserted statement ""Doing too many things at once? Not listening?"" is spoken by A and reflects a tone of frustration or impatience. A is trying to get B's full attention and the statement comes across as a reprimand or criticism, which can be perceived as impolite. This aligns with the expected label of ""impolite"" given the context of A needing B's focus on an important project detail.",1,True,390,0.0,"No repetition of specific information was found. While the inserted statement ""Doing too many things at once? Not listening?"" appears in the conversation, it is part of the existing dialogue and does not repeat any specific information from other parts of the conversation. The themes of needing attention and focusing on the project are related, but no exact repetitions or paraphrases conveying the same specific information were identified.","The conversation flows fine. The inserted statement ""Doing too many things at once? Not listening?"" fits naturally as it reflects A's concern about B's attention, which is addressed by B's response.",1.0
43,"Turn 1
A: Hi B, I noticed that the nomination period was closed earlier than expected. I had several nominations I was planning to submit, and now I have to resubmit each one individually. That was awfully quick, considering that it was open for less than 12 hours. Since I must now do them individually, must they be considered Second Nominations if I put them up again? Can you explain why the period was shortened without informing the rest of the committee?

B: Hi A, I understand your frustration. We had to close the nomination period early due to some unforeseen scheduling conflicts. I apologize for not communicating this to the committee sooner. Let's discuss how we can streamline the resubmission process for you.

Turn 2
A: I appreciate the explanation, but it would have been helpful to know about the change in advance. Is there a way we can ensure better communication in the future? Also, any tips on how to expedite the resubmission process would be greatly appreciated.

B: Absolutely, A. We'll make sure to improve our communication going forward. For now, you can send me the details of your nominations directly, and I'll assist in getting them processed quickly. Thank you for your understanding.","That was awfully quick, considering that it was open for less than 12 hours. Since I must now do them individually, must they be considered Second Nominations if I put them up again?",impolite,1,"The inserted statement by speaker A expresses frustration and a sense of urgency due to the unexpected early closure of the nomination period. The phrase ""That was awfully quick"" and the question about whether the nominations must be considered ""Second Nominations"" indicate a critical and somewhat confrontational tone. This aligns with the label ""impolite"" as it conveys dissatisfaction and a challenge to the process without softening the critique.",1,True,1219,0.0,"No repetition of specific information was found. While the conversation touches on related themes such as the early closure of the nomination period and the need for better communication, there are no exact repetitions of words, phrases, or sentences conveying the same specific information in different parts of the conversation.",The conversation flows fine. The inserted statement fits well within the context of the discussion about the nomination period and the need for resubmission.,1.0
32,"Turn 1
A: Hey B, I noticed you wanted to discuss something about the project. What's on your mind?
B: Hi A, I've been seeing some unauthorized changes to our content lately. This page, which you recently edited on, is constantly getting vandalized by a rival school. Could you please put an edit lock on the page? It's really affecting the quality of our work. Can we implement some measures to prevent this?

Turn 2
A: That's concerning. I can look into setting up stricter access controls and maybe add a version history tracker. Would that help?
B: Yes, that sounds perfect. It would definitely help us maintain the integrity of our content. Thanks for addressing this so quickly, A.","This page, which you recently edited on, is constantly getting vandalized by a rival school. Could you please put an edit lock on the page?",polite,1,"The inserted statement is made by speaker B in Turn 1. B is expressing concern about unauthorized changes and is requesting A to put an edit lock on the page. The tone of the request is polite and respectful, as B is not demanding but rather asking for assistance to address the issue. This aligns with the expected label of ""polite.""",1,True,686,0.0,"No repetition of specific information was found. While the conversation revolves around the same topic of unauthorized changes and measures to prevent them, there are no exact repetitions or paraphrases conveying the exact same specific information in different parts of the conversation.",The conversation flows fine. The inserted statement fits well within the context of the discussion about unauthorized changes and the need for an edit lock.,1.0
17,"Turn 1
A: Hey B, I've noticed you've been making some disruptive edits and posts lately. It's taking a lot of time to clean up after you. What's going on?
B: I was just trying to have a bit of fun. Didn't think it was that big of a deal.

Turn 2
A: Well, it's causing unnecessary work for the moderators and disrupting the community. Especially considering that it took you ''a lot'' more time to vandalize the page than the two seconds it took us to fix it. What's the point? Can you please be more considerate in the future?
B: Alright, I get it. I'll tone it down. Sorry for the trouble.",Especially considering that it took you ''a lot'' more time to vandalize the page than the two seconds it took us to fix it. What's the point?,impolite,2,"The inserted statement, ""Especially considering that it took you ''a lot'' more time to vandalize the page than the two seconds it took us to fix it. What's the point?"" is from speaker A. The tone of this statement is somewhat sarcastic and critical, which can be perceived as impolite. It emphasizes the futility of B's actions and the unnecessary effort caused, aligning with the expected label of impolite.",1,True,590,0.0,"No repetition of specific information was found in the conversation. While the inserted statement and other parts of the dialogue relate to the same theme of disruptive behavior and its impact, there are no exact repetitions of words, phrases, or sentences conveying the same specific information in different parts of the conversation.",It flows fine.,1.0
29,"Turn 1
A: Hey B, I've been noticing that the warning system in Huggle sometimes flags users incorrectly. Have you encountered this issue before?
B: Yeah, I've seen that happen a few times. It can be pretty frustrating. What specific problems have you noticed?

Turn 2
A: It seems like it's flagging users for minor infractions that don't really warrant a warning. I noticed, that for users warned before, Huggle still uses level 1 warning. Is there anything I can do? I was thinking we might need to tweak the settings or maybe there's a better way to handle these cases?
B: I understand. We can definitely look into adjusting the settings. Let's review the current configuration together and see where we can make improvements. I can also share some tips on how I've been managing these situations.","I noticed, that for users warned before, Huggle still uses level 1 warning. Is there anything I can do?",polite,2,"The speaker (A) who made the inserted statement is expressing a concern and seeking advice or a solution in a respectful and considerate manner. The use of phrases like ""I noticed"" and ""Is there anything I can do?"" indicates a polite tone, as A is not demanding but rather inquiring about possible actions to address the issue.",1,True,799,0.0,"No repetition of specific information was found. While the conversation revolves around the same topic of Huggle's warning system and its issues, there are no exact repetitions or paraphrases conveying the exact same specific information in different parts of the conversation.",It flows fine. The inserted statement about Huggle using level 1 warnings for users previously warned fits naturally into the conversation about the warning system's issues and potential adjustments.,1.0
6,"Turn 1
A: Hi, I'm working on a project that requires access to Volume 3 of the ""Historical Chronicles"" series, but I'm having trouble finding it. Could you help me locate it or suggest how I might access it?

B: Of course! Let me check our digital archives and see if we have that volume available. If not, I can guide you on other ways to access it, such as interlibrary loans or digital repositories.

Turn 2
A: That would be great, thank you. I tried searching online databases, but I couldn't find a digital copy. Certainly the work is out of copyright, and some of the neighboring volumes in the series are visible on archive.org (and I don't have trouble with other books on google generally). I wonder if you know of any way, or could suggest any way, that I could get to see the downloaded pdf of Newcomb vol.6? Is there a specific database or resource you recommend?

B: Yes, I recommend checking the HathiTrust Digital Library and JSTOR. If it's not available there, we can request it through our interlibrary loan service. I'll also look into our special collections to see if we have a physical copy that can be digitized for you.","Certainly the work is out of copyright, and some of the neighboring volumes in the series are visible on archive.org (and I don't have trouble with other books on google generally). I wonder if you know of any way, or could suggest any way, that I could get to see the downloaded pdf of Newcomb vol.6?",polite,2,"The inserted statement is made by Speaker A and reflects a polite tone. Speaker A is expressing gratitude and seeking further assistance in a courteous manner, which aligns with the expected label of ""polite."" The use of phrases like ""I wonder if you know of any way"" and ""could suggest any way"" indicates a respectful and considerate approach.",1,True,1142,0.0,"No repetition of specific information was found. While the conversation and the inserted statement discuss similar themes related to accessing ""Historical Chronicles"" and digital copies, there are no exact repetitions of words, phrases, or sentences conveying the same specific information in different parts of the conversation.","The conversation flows fine. The inserted statement fits well within the context of the discussion about accessing the ""Historical Chronicles"" series and does not introduce any jarring or unrelated topics.",1.0
44,"Turn 1
B: Hey A, I noticed the image of the early computer prototype you shared is missing from our project folder. Could you re-upload it when you get a chance?
A: Oh, sure thing, B! I didn't realize it was gone. I'll get that back up right away.

Turn 2
B: Thanks, A. That image is really crucial for the section I'm working on. Some time ago you uploaded an image of the Knowledge Navigator, which was speedied some time later. Can you upload the file again? Appreciate it!
A: No problem at all. Just re-uploaded it. Let me know if there's anything else you need.","Some time ago you uploaded an image of the Knowledge Navigator, which was speedied some time later. Can you upload the file again?",polite,2,"The inserted statement, ""Some time ago you uploaded an image of the Knowledge Navigator, which was speedied some time later. Can you upload the file again?"" is spoken by B. The tone of the statement is polite, as B is making a request for A to re-upload a file and uses courteous language (""Can you upload the file again? Appreciate it!""). This aligns with the expected label of ""polite"" given the context of the conversation where B is requesting assistance in a respectful manner.",1,True,566,0.0,"No repetition of specific information was found. While the inserted statement and the conversation both mention the re-uploading of images, they refer to different images (the early computer prototype and the Knowledge Navigator). There is no exact repetition of words, phrases, or sentences conveying the same specific information.",The conversation flows fine. The inserted statement about the Knowledge Navigator image fits naturally within the context of discussing missing images and re-uploading them.,1.0
24,"Turn 1
A: Hi B, I was going through the document you shared regarding the project guidelines. I noticed that some sections seem a bit incomplete, particularly the part about the submission process. Could you provide some additional details or clarify those points for me?The link you provided to speedy delection criteria only goes up to CSD12, and there is no CSD 13 listed there. Could you clarify?

B: Of course, A. I appreciate you bringing this to my attention. The submission process section should include steps for both the initial draft and the final submission. I'll review the document and send you the missing information shortly.

Turn 2
A: Thank you, B. That would be really helpful. I just want to make sure I'm following the correct procedures and meeting all the requirements.

B: No problem at all, A. I'll get the updated document to you by the end of the day. If you have any other questions in the meantime, feel free to ask.","The link you provided to speedy delection criteria only goes up to CSD12, and there is no CSD 13 listed there. Could you clarify?",polite,1,"The inserted statement, ""The link you provided to speedy delection criteria only goes up to CSD12, and there is no CSD 13 listed there. Could you clarify?"" is spoken by A. The tone of the statement is polite, as A is seeking clarification in a respectful manner without any negative or demanding language. This aligns with A's overall role in the conversation, which is to ensure understanding and compliance with the project guidelines. The request for clarification is consistent with A's earlier polite inquiries about the document.",1,True,946,0.0,"No repetition of specific information was found. While the conversation revolves around the same topic of project guidelines and submission process, there are no exact repetitions of words, phrases, or sentences conveying the same specific information in different parts of the conversation. The inserted statement about the ""speedy deletion criteria"" is part of the existing dialogue and does not repeat any other specific information in the conversation.",The conversation flows fine. The inserted statement about the speedy deletion criteria fits within the context of discussing the document and its completeness.,1.0
23,"Turn 1
A: I think we should start by categorizing the matrix decompositions into broader sections like Eigenvalue Decompositions, Singular Value Decompositions, and LU Decompositions. This way, readers can quickly navigate to the type they are interested in.
B: That makes sense. We could also include a summary table at the beginning of the section, listing all the decompositions with brief descriptions and page numbers. It would help readers get an overview and jump to the specific algorithm they need.

Turn 2
A: Great idea! The summary table will definitely enhance the usability. I just thought that it is nice when you are looking for RQ that you can find an algorithm that will do RQ, not QR. It's fine if we just make a section about RQ in the QR article, is that ok with you? We should ensure each section has clear headings and subheadings to maintain consistency.
B: Absolutely. I'll draft the table and headings, and you can review them for clarity and accuracy. Let's make sure the transitions between sections are smooth as well.","I just thought that it is nice when you are looking for RQ that you can find an algorithm that will do RQ, not QR. It's fine if we just make a section about RQ in the QR article, is that ok with you?",polite,2,"The inserted statement by speaker A is polite, as it includes a suggestion and seeks confirmation from speaker B (""is that ok with you?""). This shows consideration for B's opinion and maintains a collaborative tone, which aligns with the expected label of politeness.",1,True,1046,0.0,"No repetition of specific information was found. While the conversation revolves around organizing matrix decompositions and includes related themes, there are no exact repetitions of words, phrases, or sentences conveying the same specific information in different parts of the conversation.",It flows fine. The conversation maintains a consistent focus on organizing matrix decompositions and enhancing the usability of the document. The inserted statement about RQ and QR fits within the context of discussing how to structure the content.,1.0
0,"Turn 1
A: Howdy Mattisse. Haven't I seen you on hockey articles, years ago?Hey, aren't you B? I think I've seen your comments on some hockey forums a few years back. You always had some great insights!
B: Oh wow, yeah, that's me! It's always nice to meet a fellow hockey enthusiast. Which team do you follow?

Turn 2
A: I'm a big fan of the Maple Leafs. How about you?
B: I'm all about the Bruins. It's always fun to have a bit of friendly rivalry, isn't it?","Howdy Mattisse. Haven't I seen you on hockey articles, years ago?",polite,1,"The inserted statement, ""Howdy Mattisse. Haven't I seen you on hockey articles, years ago?"" is spoken by Speaker A. The tone of the statement is friendly and polite, as A is initiating a conversation and expressing recognition and interest in B's past contributions. This aligns with the expected label of ""polite"" because A is engaging in a courteous and respectful manner.",1,True,458,0.0,"No repetition of specific information was found. While the inserted statement ""Howdy Mattisse. Haven't I seen you on hockey articles, years ago?"" is part of the existing dialogue, it is not repeated elsewhere in the conversation. The rest of the conversation contains related themes but does not repeat specific information.","The conversation flows fine. The inserted statement is a repetition of the initial greeting, but it doesn't create a major, obvious disruption that would confuse most readers.",1.0
3,"Turn 1
B: Hi A, I noticed you made some changes to the structure of the data table. Could you explain the reasoning behind it? I want to make sure I understand the modifications fully.

A: Sure, B! I restructured the table to better align with our analysis goals. The new format should make it easier to run our queries and visualize the data trends. Let me know if you have any specific questions about the changes.

Turn 2
B: That makes sense, thanks for clarifying. I did have one question about the new column you added. How does it fit into our current analysis framework?I'm interested in why you reduced the columns from 5 to 2? Could you reply on my talk page please?

A: Great question! The new column captures additional metadata that we were previously missing. This should help us refine our results and provide more detailed insights. If you need more details, I'm happy to walk you through it.",I'm interested in why you reduced the columns from 5 to 2? Could you reply on my talk page please?,polite,2,"The inserted statement, ""I'm interested in why you reduced the columns from 5 to 2? Could you reply on my talk page please?"" is spoken by B. The tone of the statement is inquisitive and polite, as B is seeking further clarification and requesting a response in a considerate manner. This aligns with the expected label of ""polite"" given B's role in the conversation, which is to understand the changes made by A.",1,True,907,0.0,"No repetition of specific information was found. While the conversation revolves around the changes made to the data table and the reasoning behind them, there are no exact repetitions of words, phrases, or sentences conveying the same specific information in different parts of the conversation. The inserted statement is part of the existing dialogue and does not count as redundant with itself.",The conversation flows fine. The inserted statement about reducing the columns from 5 to 2 and asking for a reply on the talk page fits within the context of discussing the table changes and seeking further clarification.,1.0
10,"Turn 1
A: Hey B, I realized I might have missed some of your suggestions about handling duplicate user profiles. Can we go over them again? I want to make sure we're on the same page and improve our system.

B: Of course, A. No problem at all. I suggested implementing a more robust matching algorithm that checks for similarities in user data fields like email and phone number. This should help us identify duplicates more accurately.

Turn 2
A: That makes sense. Thanks, I didn't notice the earlier discussion. Would you consider (if you haven't done so yet) adding some indication on either page that these are the same user? Do you think we should also add a manual review step for cases where the algorithm isn't certain?

B: Absolutely. A manual review step would be a good safety net to catch any edge cases the algorithm might miss. We can set up a workflow for that. Let's work on integrating these changes.

...","Thanks, I didn't notice the earlier discussion. Would you consider (if you haven't done so yet) adding some indication on either page that these are the same user?",polite,2,"The inserted statement, ""Thanks, I didn't notice the earlier discussion. Would you consider (if you haven't done so yet) adding some indication on either page that these are the same user?"" is polite. The speaker, A, acknowledges missing the earlier discussion and expresses gratitude before making a suggestion. This demonstrates a respectful and considerate tone, aligning with the expected label of politeness.",1,True,922,0.0,"No repetition of specific information was found. While the conversation revolves around handling duplicate user profiles and improving the system, there are no exact repetitions or paraphrases conveying the exact same specific information in different turns or by different speakers.",The conversation flows fine. The inserted statement fits well within the context of discussing improvements to handling duplicate user profiles.,1.0
18,"Turn 1
A: Thanks so much for your detailed explanation, B! It really cleared things up for me. By the way, are you the same B from Slashdot? Thanks. Are you Slashdot user Anothy by any chance, or someone else?Your insights seem very familiar.

B: You're welcome, A! I'm glad I could help. And yes, that's me on Slashdot too. It's great to see familiar faces across different platforms!

Turn 2
A: That's awesome! I've always appreciated your contributions there as well. Looking forward to more great discussions here.

B: Thanks, A! I enjoy our interactions too. Let's keep the conversations going and continue learning from each other.","Thanks. Are you Slashdot user Anothy by any chance, or someone else?",polite,1,"The inserted statement, ""Thanks. Are you Slashdot user Anothy by any chance, or someone else?"" is made by speaker A. The tone of the statement is polite and inquisitive, as A is expressing gratitude and then asking a question in a respectful manner. This aligns with the expected label of ""polite"" given the context of the conversation where A is showing appreciation and curiosity about B's identity.",1,True,637,0.0,"No repetition of specific information was found. While the conversation touches on the same topic of B's identity on Slashdot, the specific information is not repeated. The inserted statement ""Thanks. Are you Slashdot user Anothy by any chance, or someone else?"" is part of the existing dialogue and does not constitute redundancy. The rest of the conversation flows naturally without repeating exact words, phrases, or sentences.",The conversation flows fine. The inserted statement fits well within the context of the discussion about Slashdot and the familiarity between the users.,1.0
34,"Turn 1
A: I think the article could benefit from a more thorough review. There are several sections that lack citations, and some of the information seems outdated.
B: I agree with your assessment. You make some good points. How do you feel about nominating the article for AfD then? It's important that we maintain high standards. What do you think about initiating a formal review process to address these issues?

Turn 2
A: That sounds like a good plan. A formal review would allow us to systematically address the concerns and improve the article's quality.
B: Great, I'll start drafting the proposal for the review process. I'll make sure to include your points and keep you updated on the progress. Thanks for your valuable input!",You make some good points. How do you feel about nominating the article for AfD then?,polite,1,"The inserted statement, ""You make some good points. How do you feel about nominating the article for AfD then?"" is made by speaker B. The tone of the statement is polite, as B acknowledges A's points and seeks A's opinion on a potential action (nominating the article for AfD). This aligns with the expected label of ""polite"" because B is showing respect for A's input and is collaboratively discussing the next steps.",1,True,736,0.0,"No repetition of specific information was found. While the conversation revolves around the same topic of reviewing and improving the article, there are no exact repetitions of words, phrases, or sentences conveying the same specific information in different parts of the conversation.",The conversation flows fine. The inserted statement fits well within the context of the discussion about improving the article and maintaining high standards.,1.0
9,"Turn 1
A: Hey B, how's your latest project coming along?
B: It's going well, thanks. Actually, I wanted to talk to you about something I noticed in the database. Do you have a moment?

Turn 2
A: Sure, what's up?
B: I came across an image that might need a slight update to ensure it accurately represents the specific enantiomer. The proper title of this image should be Eszopiclone.svg, since it depicts the S enantiomer. Could you change the title so I can upload an image of the racemic compound instead? Could we take a look at it together?

...","The proper title of this image should be Eszopiclone.svg, since it depicts the S enantiomer. Could you change the title so I can upload an image of the racemic compound instead?",polite,2,"The inserted statement is made by speaker B, who is discussing a technical detail about an image in the database. The tone of the statement is polite and professional, as B is making a request (""Could you change the title"") and providing a reason for it (""since it depicts the S enantiomer""). The use of ""please"" or ""could you"" indicates a polite request, aligning with the expected label.",1,True,549,0.0,"No repetition of specific information was found. While the conversation revolves around the same topic of updating an image title to Eszopiclone.svg and uploading an image of the racemic compound, there are no exact repetitions of words, phrases, or sentences conveying the same specific information in different parts of the conversation.",The conversation flows fine. The inserted statement about the image title and the enantiomer fits well within the context of discussing a project and database details.,1.0
18,"Turn 1
A: I really don't see how you can think these accounts are genuine. The patterns are too suspicious.
B: I understand your concerns, but I've seen similar patterns in legitimate accounts before. We can't just dismiss them without proper analysis.

Turn 2
A: Look, this back-and-forth isn't getting us anywhere. How about we bring in an external tool or team to take a closer look? I'm sure. How about we let the sockpuppet investigation let us know for certain, m'kay? That way, we can get an objective opinion.
B: Fine, if it helps settle this, I'm open to it. But let's make sure we choose a reliable third party for the investigation.","I'm sure. How about we let the sockpuppet investigation let us know for certain, m'kay?",impolite,2,"The inserted statement ""I'm sure. How about we let the sockpuppet investigation let us know for certain, m'kay?"" by speaker A carries a condescending and dismissive tone, particularly with the use of ""m'kay,"" which can be perceived as patronizing. This aligns with the expected label of ""impolite"" as it suggests a lack of respect for the other speaker's viewpoint.",1,True,643,0.0,"No repetition of specific information was found, even though the themes are related. The conversation discusses the suspicion of account genuineness and the proposal to involve an external investigation, but no exact words, phrases, or sentences are repeated unnecessarily.",The conversation flows fine. The inserted statement fits within the context of the discussion about investigating the accounts further.,1.0
