Unnamed: 0,conversation,original_data,original_label,actual_insertion_turn,verifier_alignment_explanation,verifier_alignment_detected,contains,conv_length,verifier_redundancy_detected,verifier_redundancy_explanation,verifier_flow_explanation,verifier_natural_flow
21,"Turn 1
A: I've been really worried about C lately. It seems like the stress is really getting to them.
B: Yeah, I noticed that too. They've been looking pretty worn out. Do you think they might need some extra help?

Turn 2
A: I think so. With everything they're dealing with, it might be too much to handle alone. Sadly, I think he will need it
B: Maybe we should suggest some resources or even just be there more often to support them.","Sadly, I think he will need it",not sarcastic,2,"The speaker (A) expresses concern for C and acknowledges that the stress might be too much for C to handle alone. The phrase ""Sadly, I think he will need it"" conveys a sense of regret and concern, which aligns with a non-sarcastic tone. The overall context shows genuine worry and a desire to help, supporting the expected label of not sarcastic.",1,TRUE,437,0,"No repetition of specific information was found. While the conversation revolves around the same theme of concern for C and the need for support, there are no exact repetitions of words, phrases, or sentences conveying the same specific information in different parts of the conversation.","The conversation flows fine. The inserted statement ""Sadly, I think he will need it"" fits naturally within the context of discussing concern for C and the need for extra help.",1
43,"Turn 1
A: I've got a packed day ahead. There's that big game later, and I know you're excited about it too.
B: Absolutely! I can't wait. By the way, did you manage to catch up with your cousin this morning?

Turn 2
A: Yes, I did. I wanted to check in, especially since her husband is such a huge fan of the team playing today. Just realized my phone call to my sister to wish happy birthday today was best done this morning, before our game, as her husband is Leeds!
B: That's thoughtful of you. It's always nice to balance our personal lives with our shared interests.","Just realized my phone call to my sister to wish happy birthday today was best done this morning, before our game, as her husband is Leeds!",not sarcastic,2,"The inserted statement was made by speaker A. The tone of the statement is reflective and considerate, as A is acknowledging the importance of making a timely birthday call to their sister, considering her husband's support for the team. This aligns with the overall sentiment of being thoughtful and balancing personal responsibilities with shared interests, which is consistent with the expected label of ""not sarcastic.""",1,TRUE,569,0,"No repetition of specific information was found. While the inserted statement and the conversation relate to the same theme of personal interactions and the game, there is no exact repetition of words, phrases, or sentences conveying the same specific information in different parts of the conversation.",The conversation flows fine. The inserted statement about calling the sister to wish her a happy birthday fits within the context of discussing personal connections and the excitement around the game.,1
72,"Turn 1
A: Can this wait? I'm trying to relax in here.
B: I just need to know where the remote control is. I can't find it anywhere.

Turn 2
A: It's probably on the coffee table, where it always is. Can I please have some peace now?Love it when I get disturbed three times in the bath to be asked where things in the house are!!
B: Oh, right. Sorry. By the way, have you seen my book on the history of art?",Love it when I get disturbed three times in the bath to be asked where things in the house are!!,sarcastic,2,"The speaker (A) expresses frustration and annoyance in the inserted statement, which is conveyed through the use of sarcasm. The phrase ""Love it when I get disturbed three times in the bath to be asked where things in the house are!!"" is clearly sarcastic, as it contrasts the speaker's actual irritation with the situation. This aligns with the expected label of ""sarcastic.""",1,TRUE,405,0,"No repetition of specific information was found. While the conversation revolves around the theme of being disturbed and looking for items, there are no exact repetitions or paraphrases conveying the exact same specific information in different parts of the conversation.","The conversation flows fine. The inserted statement, while expressing frustration, fits within the context of the ongoing dialogue about being disturbed and looking for items.",1
48,"Turn 1
A: So, what did you think of the movie?
B: Honestly, I was really impressed. Keanu was fantastic in it.

Turn 2
A: I knew you'd come around! He's got a unique style that really grows on you.
B: Yeah, I have to admit, I misjudged him. I was thinking perhaps we may have been oversaturated with Keanu, but I was wrong. Shame on me. He's definitely more talented than I gave him credit for.","I was thinking perhaps we may have been oversaturated with Keanu, but I was wrong. Shame on me.",not sarcastic,2,"The inserted statement, ""I was thinking perhaps we may have been oversaturated with Keanu, but I was wrong. Shame on me,"" is made by speaker B. In the context of the conversation, B is expressing a change of heart and admitting a previous misjudgment about Keanu Reeves. The tone is self-reflective and sincere, indicating genuine acknowledgment of a mistake rather than sarcasm.",1,TRUE,394,0,"No repetition of specific information was found. While the conversation touches on similar themes regarding Keanu's talent and initial misjudgment, there are no exact repetitions of words, phrases, or sentences conveying the same specific information in different parts of the conversation.",The conversation flows fine. The inserted statement fits well within the context of the discussion about Keanu Reeves and the change in opinion about him.,1
43,"Turn 1
A: Did you see how Johnson completely fumbled that pass in the last game? It was like he handed the ball to the other team on a silver platter.Mateusz Klich is the worst PL footballer ever had since Paul Okon
B: Oh, absolutely. But you know, I've seen worse. Remember when Torres had that open goal miss a few years back? That was a disaster too.

Turn 2
A: True, but Johnson's been making these kinds of mistakes all season. It's like he's lost his touch.
B: Yeah, it's concerning. I mean, every player has their off days, but with Johnson, it's becoming a pattern. It's really hurting the team's chances.",Mateusz Klich is the worst PL footballer ever had since Paul Okon,not sarcastic,1,"The inserted statement ""Mateusz Klich is the worst PL footballer ever had since Paul Okon"" is made by speaker A. The tone of speaker A throughout the conversation is critical and negative, particularly towards football players who make mistakes. The statement about Mateusz Klich fits this critical tone and does not exhibit any sarcasm. It is a straightforward expression of a negative opinion, aligning with the expected label of ""not sarcastic.""",1,TRUE,613,0,"No repetition of specific information was found. While the conversation discusses mistakes made by football players and the impact on the team, there are no exact repetitions or paraphrases conveying the exact same specific information in different parts of the conversation.",The conversation flows fine. The inserted statement about Mateusz Klich being the worst PL footballer since Paul Okon fits within the context of discussing football players' performances and mistakes.,1
89,"Turn 1
A: Did you catch the press conference yesterday? The official claimed they didn't break any rules during last year's holiday season.
B: Oh, right, because we all know how trustworthy their word has been throughout this whole ordeal.

Turn 2
A: Yeah, it does seem a bit hard to believe given all the reports that have come out.
B: ""A bit hard to believe"" is putting it mildly. It's like they're living in an alternate reality where facts don't matter. Boris Johnson is entirely trustworthy and honest and there was obviously no Christmas Party in Number 10 this time last year",Boris Johnson is entirely trustworthy and honest and there was obviously no Christmas Party in Number 10 this time last year,sarcastic,2,"The inserted statement, ""Boris Johnson is entirely trustworthy and honest and there was obviously no Christmas Party in Number 10 this time last year,"" is made by speaker B. Given the context of the conversation, where B is clearly skeptical and critical of the official's claims, the statement is dripping with sarcasm. B's previous comment about living in an ""alternate reality where facts don't matter"" further supports the sarcastic tone.",1,TRUE,582,0,"No repetition of specific information was found. While the conversation revolves around the trustworthiness of the official and the alleged Christmas party, there are no exact repetitions of words, phrases, or sentences conveying the same specific information in different parts of the conversation.","The conversation flows fine. The inserted statement, while sarcastic, fits the context of the discussion about trustworthiness and the holiday season events.",1
11,"Turn 1
A: I have a job interview today for that high-paying position I mentioned. I'm feeling really confident about it.
B: That's fantastic! With your skills and experience, I'm sure they'll see you're the perfect fit. 

Turn 2
A: Thanks! Money is going to locate me today . Claiming thisIf I get this job, it could really make a big difference for me financially.
B: Absolutely, it sounds like an amazing opportunity. I'm excited for you and can't wait to hear how it goes!",Money is going to locate me today . Claiming this,not sarcastic,2,"The inserted statement ""Money is going to locate me today. Claiming this"" is made by speaker A. In the context of the conversation, A is expressing optimism and confidence about the job interview and its potential financial benefits. The statement reflects a positive and hopeful sentiment, aligning with the overall tone of A's remarks about the job opportunity. There is no indication of sarcasm; rather, it shows A's determination and positive outlook.",1,TRUE,475,0,"No repetition of specific information was found. While the conversation revolves around the job interview and its potential financial impact, there are no exact repetitions of words, phrases, or sentences conveying the same specific information in different parts of the conversation.","The conversation flows fine. The inserted statement, ""Money is going to locate me today. Claiming this,"" might seem a bit unusual, but it doesn't create a major, obvious disruption that would confuse most readers.",1
66,"Turn 1
A: I'm really looking forward to visiting my family abroad next month. It's been so long since I've seen them.
B: That sounds wonderful, but have you heard about the potential lockdowns? They might impose new travel restrictions soon.

Turn 2
A: Yeah, I heard. Just my luck, right? Finally get a chance to travel, and now this.I can't wait for Boris to wait until after Christmas to lock us down again so that I can't go to Poland like I've been waiting for for half a year!
B: I know, it's so frustrating. Hopefully, things will clear up before your trip.",I can't wait for Boris to wait until after Christmas to lock us down again so that I can't go to Poland like I've been waiting for for half a year!,sarcastic,2,"The inserted statement, ""I can't wait for Boris to wait until after Christmas to lock us down again so that I can't go to Poland like I've been waiting for for half a year!"" is clearly sarcastic. The speaker (A) expresses frustration about potential lockdowns affecting their travel plans, and the use of ""I can't wait"" in this context is a sarcastic way of highlighting their disappointment and annoyance.",1,TRUE,563,0,"No repetition of specific information was found. While the inserted statement and the previous dialogue both discuss the potential impact of lockdowns on travel plans, they do not repeat the exact same specific information. The inserted statement provides a detailed expression of frustration about the timing of potential lockdowns and its impact on travel to Poland, which is not exactly repeated elsewhere in the conversation.",The conversation flows fine. The inserted statement fits well with the context of discussing travel plans and potential lockdowns.,1
55,"Turn 1
A: I'm really dreading the family gathering this Christmas. It's hard to enjoy when some relatives won't get vaccinated or even wear masks.The omicron variant has decided to give us all a wonderful gift for Christmas. For that one day it has chosen to not be spread between people at all. This gift will make me feel a lot better about being around loved ones who still refuse to get the vaccine or to wear a mask at the very least.
B: Yeah, it's like they're trying to win an award for ""Most Stubborn Family Member.""

Turn 2
A: Exactly! I just want everyone to be safe and have a good time.
B: Maybe we should hand out trophies for ""Best Ignorer of Science"" at the door.",The omicron variant has decided to give us all a wonderful gift for Christmas. For that one day it has chosen to not be spread between people at all. This gift will make me feel a lot better about being around loved ones who still refuse to get the vaccine or to wear a mask at the very least.,sarcastic,1,"The inserted statement, ""The omicron variant has decided to give us all a wonderful gift for Christmas. For that one day it has chosen to not be spread between people at all. This gift will make me feel a lot better about being around loved ones who still refuse to get the vaccine or to wear a mask at the very least,"" is clearly sarcastic. Speaker A is expressing frustration and disbelief at the situation with unvaccinated family members, and the idea that the virus would ""choose"" not to spread is an exaggerated, ironic statement meant to highlight the absurdity of the situation.",1,TRUE,678,0,"No repetition of specific information was found. While the inserted statement and the conversation both discuss concerns about COVID-19 and family gatherings, there is no exact repetition of words, phrases, or sentences conveying the same specific information in different parts of the conversation.",The conversation flows fine. The inserted statement fits well with the context of discussing concerns about COVID-19 and family gatherings.,1
46,"Turn 1
A: Did you see Chris at the party last night? He really knows how to make a statement with his outfits.
B: Absolutely! I don't know how he does it, but he always manages to pull off the most daring looks.

Turn 2
A: I was especially impressed with that bright red coat he wore. It was so bold, but he made it look effortless.
B: Yeah, Chris has this incredible confidence that just makes everything he wears look amazing. I can't think of anyone else who could pull off the Wooly Hat. Not everyone could do that.",I can't think of anyone else who could pull off the Wooly Hat.,not sarcastic,2,"The inserted statement ""I can't think of anyone else who could pull off the Wooly Hat"" is made by speaker B. In the context of the conversation, B is consistently expressing admiration for Chris's fashion sense and confidence. The statement aligns with this positive sentiment, as it highlights Chris's unique ability to wear daring outfits successfully. There is no indication of sarcasm; rather, it reinforces the admiration B has for Chris's style.",1,TRUE,519,0,"No repetition of specific information was found. While the conversation revolves around Chris's fashion sense and confidence, there are no exact repetitions or paraphrases conveying the exact same specific information in different parts of the conversation.",The conversation flows fine. The inserted statement about the Wooly Hat fits well with the ongoing discussion about Chris's bold fashion choices and his confidence in pulling off daring looks.,1
19,"Turn 1
A: It's really frustrating how the new membership program barely gives us any access to away games. I feel like we're missing out on so much.
B: I know, right? I was hoping for more perks, but it seems like only a few members are getting the real benefits. It's just not fair.

Turn 2
A: Exactly. We pay the same membership fees, but the benefits are so unevenly distributed. mygers is a joke, 2 away games out of 10 and one half the population got It's like they don't value all their fans equally.
B: Totally. I had a similar experience last month when I tried to get tickets for an away game. It was impossible. They really need to rethink this program.","mygers is a joke, 2 away games out of 10 and one half the population got",not sarcastic,2,"The inserted statement ""mygers is a joke, 2 away games out of 10 and one half the population got"" is made by speaker A. The tone of the statement is clearly one of frustration and dissatisfaction, which aligns with the overall sentiment expressed by speaker A throughout the conversation. There is no indication of sarcasm; rather, it is a direct complaint about the perceived unfairness of the membership program.",1,TRUE,663,0,"No repetition of specific information was found. While both speakers discuss the unfairness of the membership program and the difficulty in accessing away game tickets, there are no exact repetitions of words, phrases, or sentences conveying the same specific information in different parts of the conversation. The inserted statement is part of the existing dialogue and does not count as redundant with itself.",The conversation flows fine. The inserted statement fits within the context of the discussion about the membership program and the uneven distribution of benefits.,1
29,"Turn 1
A: I had a horrible dayIt was just one thing after another today. First, I missed my bus, then I spilled coffee all over my presentation notes.
B: Oh no, that sounds rough. Did you manage to get through the presentation okay?

Turn 2
A: Barely. I had to wing it, and I don't think it went well. My boss didn't look too impressed.
B: I'm sorry to hear that. Want to talk more about it? Maybe we can figure out a way to make tomorrow better.

...",I had a horrible day,not sarcastic,1,"The statement ""I had a horrible day"" is made by Speaker A and is consistent with the overall negative sentiment expressed in their full turn and the conversation. Speaker A describes a series of unfortunate events, including missing the bus and spilling coffee, which supports the non-sarcastic nature of the statement. The emotional tone is genuinely negative, reflecting frustration and disappointment.",1,TRUE,451,0,"No repetition of specific information was found. While the themes of having a bad day and the events that transpired are related, there are no exact repetitions or paraphrases conveying the exact same specific information in different parts of the conversation.","The conversation flows fine. The inserted statement ""I had a horrible day"" fits naturally with the context of the conversation about having a bad day and the subsequent events.",1
18,"Turn 1
A: You know, at that party last weekend, I felt like everyone else was so much more interesting and accomplished. I just didn't fit in. I'm a lot like Jonathan Creek, really, only without the intelligence. Or the good looks, or the charm
B: Oh, come on! You remind me of that clever and charming character from that show we both love. You're always so witty and engaging.

Turn 2
A: Ha, I wish! If only I had half their charisma. I just feel like I'm always fumbling my way through conversations.
B: Well, that's what makes you endearing. Your authenticity and humor are what people love about you. Trust me, you have more going for you than you realize.","I'm a lot like Jonathan Creek, really, only without the intelligence. Or the good looks, or the charm",not sarcastic,1,"The inserted statement, ""I'm a lot like Jonathan Creek, really, only without the intelligence. Or the good looks, or the charm,"" is made by speaker A. In the context of the conversation, A is expressing self-deprecation and a lack of self-confidence. The tone is not sarcastic but rather genuinely self-critical, as A is comparing themselves unfavorably to a fictional character. This aligns with the expected label of ""not sarcastic.""",1,TRUE,661,0,"No repetition of specific information was found. While the themes of self-doubt and comparison to a character are present in both turns, there is no exact repetition of words, phrases, or sentences conveying the same specific information.","The conversation flows fine. The inserted statement fits well with the context of the conversation, where A is expressing self-doubt and B is offering reassurance.",1
30,"Turn 1
A: You know that scene in ""The Office"" where Jim gives Pam the teapot for Christmas? I always get choked up watching it.why am i cryin  actual tears every time i watch this it's not even funny
B: Really? I mean, it's a sweet moment, but what about it gets to you so much?

Turn 2
A: It's just the way Jim put so much thought into it, filling it with all those little memories they shared. It reminds me of how important those small, personal gestures are in relationships.
B: I get that. It's like those moments capture the essence of their connection, right?",why am i cryin  actual tears every time i watch this it's not even funny,not sarcastic,1,"The inserted statement ""why am i cryin actual tears every time i watch this it's not even funny"" is made by speaker A. In the context of the conversation, A is expressing a genuine emotional reaction to a scene from ""The Office."" The sentiment is clearly one of being emotionally moved, not sarcasm. The statement aligns with A's overall emotional tone and intent in the conversation, which is to convey how deeply the scene affects them.",1,TRUE,566,0,"No repetition of specific information was found. While the inserted statement ""why am i cryin actual tears every time i watch this it's not even funny"" appears in Turn 1, it is part of the existing dialogue and not repeated elsewhere. The conversation touches on related themes of emotional moments and personal gestures, but no exact repetitions or paraphrases conveying the same specific information are present.","The conversation flows fine. The inserted statement fits naturally with the context of the discussion about the emotional impact of the scene from ""The Office.""",1
15,"Turn 1
A: I've been feeling so overwhelmed with this new project at work. The deadlines are insanely tight, and my boss keeps piling on more tasks without any regard for what's realistic.
B: That sounds incredibly stressful. It's tough when expectations are so high and you don't feel supported. How are you holding up?

Turn 2
A: Honestly, not great. I feel like I'm constantly on edge, and it's starting to affect my sleep and mood.This makes me feel uneasy ngl I just don't know how much longer I can keep this up.
B: I'm really sorry to hear that. Maybe we can brainstorm some ways to manage the workload or find a way to communicate your concerns to your boss more effectively. You shouldn't have to go through this alone.",This makes me feel uneasy ngl,not sarcastic,2,"The inserted statement ""This makes me feel uneasy ngl"" is spoken by Speaker A. In the context of Turn 2, where A is expressing feelings of being overwhelmed and stressed, the statement accurately reflects A's emotional state. The phrase ""ngl"" (not gonna lie) adds to the sincerity of A's expression of unease. This aligns with the expected label of ""not sarcastic"" as A is genuinely conveying their distress.",1,TRUE,727,0,"No repetition of specific information was found, even though the themes of stress and feeling overwhelmed are related. The inserted statement ""This makes me feel uneasy ngl"" is part of the existing dialogue and does not repeat any specific information unnecessarily.","The conversation flows fine. The inserted statement ""This makes me feel uneasy ngl"" fits naturally within the context of expressing feelings of stress and unease.",1
45,"Turn 1
A: Excuse me, do you know if the number 5 bus stops here?
B: Yes, it does. It should be here in about ten minutes. Are you new to the area?

Turn 2
A: Yes, I just moved here last week. Yes, I am waiting for the bus, thank you. Thanks for the help!
B: No problem at all! Welcome to the neighborhood. If you need any more information, feel free to ask.","Yes, I am waiting for the bus, thank you.",not sarcastic,2,"The inserted statement ""Yes, I am waiting for the bus, thank you."" is spoken by speaker A. In the context of the conversation, A is responding to B's confirmation about the bus and expressing gratitude. The tone is polite and straightforward, with no indication of sarcasm. The intent is to acknowledge the information and show appreciation.",1,TRUE,357,0,"No repetition of specific information was found. While the inserted statement ""Yes, I am waiting for the bus, thank you."" is part of the existing dialogue, it does not repeat any specific information from other parts of the conversation. The themes of the conversation are related, but there is no exact repetition of words, phrases, or sentences conveying the same specific information.","The conversation flows fine. The inserted statement ""Yes, I am waiting for the bus, thank you."" fits naturally within the context of the dialogue and does not cause any major disruption.",1
92,"Turn 1
A: I can't believe how clueless some parents can be. It's like they expect us to do everything for their kids. I wonder if there's a parenting manual for schools to hand out?. Some parents could really use the guidance…
B: I know, right? It's frustrating when they don't seem to understand the basics of supporting their child's education.

Turn 2
A: Honestly, sometimes I think we need to offer a parenting class alongside the curriculum.
B: That might not be a bad idea. It could really help bridge the gap and make our jobs a bit easier.",I wonder if there's a parenting manual for schools to hand out?. Some parents could really use the guidance…,sarcastic,1,"The inserted statement, ""I wonder if there's a parenting manual for schools to hand out? Some parents could really use the guidance…"", is made by speaker A. The tone of the statement, when considered in the context of the conversation, appears to be sarcastic. Speaker A is expressing frustration with parents' lack of understanding and support, and the suggestion of a ""parenting manual"" seems to be a sarcastic way of highlighting their perceived incompetence.",1,TRUE,547,0,"No repetition of specific information was found. While the conversation revolves around the theme of parents needing guidance and support in their child's education, there are no exact repetitions or paraphrases conveying the exact same specific information in different parts of the conversation.",The conversation flows fine. The inserted statement fits well within the context of the discussion about parents needing guidance and support in their child's education.,1
74,"Turn 1
A: I've started this new routine where I wake up at 4 AM, run 10 miles, and then read a book before work. It's been really invigorating!
B: Oh, sure, because everyone just loves waking up at the crack of dawn to run a marathon and then dive into a novel. Sure you do! Doesn't everyone?! I do it everyday!!! Sounds totally doable.

Turn 2
A: I know it sounds intense, but it's actually been really rewarding. You should try it sometime!
B: Right, because I can totally see myself trading my cozy bed for a 10-mile run. Maybe in another lifetime!",Sure you do! Doesn't everyone?! I do it everyday!!!,sarcastic,1,"The inserted statement ""Sure you do! Doesn't everyone?! I do it everyday!!!"" is spoken by Speaker B. The tone of Speaker B throughout the conversation is clearly sarcastic, as evidenced by their exaggerated and incredulous responses to Speaker A's claims about their routine. The use of hyperbole and the mocking tone in the inserted statement further reinforce the sarcastic intent.",1,TRUE,551,0,"No repetition of specific information was found. While the inserted statement ""Sure you do! Doesn't everyone?! I do it everyday!!!"" and the responses in Turn 1 and Turn 2 by Speaker B are sarcastic and related in theme, they do not repeat the exact same specific information. The inserted statement is part of the existing dialogue and does not count as redundant with itself.","The conversation flows fine. The inserted statement fits with the sarcastic tone of B's responses and doesn't introduce any major, obvious disruptions.",1
87,"Turn 1
A: ""Morning, B. Lovely weather we're having, isn't it?""
B: ""Yeah, I noticed you got caught in the downpour. Rough commute?""

Turn 2
A: ""Oh, just a bit. Nothing like starting the week soaked to the bone. I absolutely love it when its pouring down with rain on a Monday morning and I forget my umbrella!""
B: ""I can imagine. Hopefully, the rest of the day goes smoother for you.""",I absolutely love it when its pouring down with rain on a Monday morning and I forget my umbrella!,sarcastic,2,"The speaker (A) uses the phrase ""I absolutely love it when its pouring down with rain on a Monday morning and I forget my umbrella!"" in a context that clearly indicates sarcasm. The preceding statement about starting the week ""soaked to the bone"" and the overall negative experience of a rough commute due to the rain support this interpretation. The use of ""absolutely love it"" in this context is a sarcastic way of expressing frustration rather than genuine enjoyment.",1,TRUE,383,0,"No repetition of specific information was found. While the inserted statement ""I absolutely love it when its pouring down with rain on a Monday morning and I forget my umbrella!"" is part of the existing dialogue in Turn 2, it is not repeated elsewhere in the conversation. The themes of weather and commute are related, but no exact repetitions or paraphrases conveying the same specific information were identified.",The conversation flows fine. The inserted statement fits well within the context of the discussion about the weather and the rough commute.,1
59,"Turn 1
A: *coughs openly* ""It's really hard to breathe with these masks on all day.""
B: ""Yeah, because breathing freely is definitely more important than keeping everyone healthy.""

Turn 2
A: ""Oh come on, it's not like I'm sick or anything.""
B: ""Right, because we all have X-ray vision to see if someone is carrying the virus.Oh, no, totally, don't wear a mask and cough and splutter around me. COVID'll be a fun little time..""

...","Oh, no, totally, don't wear a mask and cough and splutter around me. COVID'll be a fun little time..",sarcastic,2,"The inserted statement, ""Oh, no, totally, don't wear a mask and cough and splutter around me. COVID'll be a fun little time.."", is made by speaker B. The tone of this statement is clearly sarcastic, as B is using irony to emphasize the importance of wearing a mask to prevent the spread of COVID-19, despite A's dismissive attitude towards mask-wearing. This aligns with B's overall role in the conversation, which is to highlight the necessity of masks for public health.",1,TRUE,432,0,"No repetition of specific information was found. While the conversation revolves around the same theme of mask-wearing and COVID-19, there are no exact repetitions of words, phrases, or sentences conveying the same specific information in different parts of the conversation.",The conversation flows fine. The inserted statement by B is a continuation of their sarcastic tone and directly addresses A's behavior regarding mask-wearing and COVID-19.,1
44,"Turn 1
A: Why would the coach take out Johnson when he's been playing so well? I don't get it.Why is Rashford still on and Sancho out?? Hmmnnn....Daddy G.O....I no see this one okk
B: Yeah, it's a strange move. Especially since Miller is still on the field and he's been struggling all game.

Turn 2
A: Exactly! Johnson was creating so many chances. I hope this doesn't backfire.
B: Let's hope the new guy can make an impact. Fingers crossed it works out for us.",Why is Rashford still on and Sancho out?? Hmmnnn....Daddy G.O....I no see this one okk,not sarcastic,1,"The inserted statement ""Why is Rashford still on and Sancho out?? Hmmnnn....Daddy G.O....I no see this one okk"" is made by speaker A. The tone of the statement reflects confusion and frustration about the coach's decision, which aligns with the overall sentiment expressed by speaker A in the conversation. There is no indication of sarcasm; rather, it shows genuine concern and bewilderment about the substitution choices.",1,TRUE,462,0,"No repetition of specific information was found. While the conversation revolves around the same topic of player substitutions and their impact, there are no exact repetitions of words, phrases, or sentences conveying the same specific information in different parts of the conversation.",The conversation flows fine. The inserted statement about Rashford and Sancho fits within the context of discussing the coach's decisions and player performance.,1
90,"Turn 1
A: Did you hear about the new COVID-19 variant? Apparently, it was released on purpose to control the population.
B: Oh, come on. You can't seriously believe that, can you?

Turn 2
A: Yeah, because clearly, the world's governments have nothing better to do than orchestrate a global pandemic. I can't believe omicron is an anagram of no crimbo! The government designed this covid variant just in time for christmas! Next, they'll say it was aliens.
B: Haha, right? It's amazing what people will come up with these days.",I can't believe omicron is an anagram of no crimbo! The government designed this covid variant just in time for christmas!,sarcastic,2,"The speaker who said the inserted statement is A. In the context of the conversation, A's tone is clearly sarcastic. A's exaggerated claim about the government designing the COVID variant just in time for Christmas, followed by the mention of aliens, indicates that A is mocking the conspiracy theory rather than genuinely believing it.",1,TRUE,526,0,"No repetition of specific information was found. While the inserted statement ""I can't believe omicron is an anagram of no crimbo! The government designed this covid variant just in time for christmas!"" appears in Turn 2, it is part of the existing dialogue and not repeated elsewhere. The conversation contains related themes and ideas, but no exact repetitions or paraphrases conveying the exact same specific information in different parts of the conversation.",The conversation flows fine. The inserted statement fits well within the context of the discussion about the COVID-19 variant and conspiracy theories.,1